<?xml version="1.0" encoding="utf-8"?>
<extension version="3.8" type="plugin" group="system" method="upgrade">
    <name>LT Kitchenware</name>
    <description>LT Kitchenware Joomla! template - &lt;a target='_blank' href='https://doc.ltheme.com/joomla-4-free-template-document/'&gt;See Template Document&lt;/a&gt; | &lt;a target='_blank' href='https://ltheme.com/project/lt-kitchenware-free-cooking-tool-joomla-template'&gt;Get PRO license&lt;/a&gt; to access &lt;a target='_blank' href='https://j4demo3.ltheme.com/joomla/lt-kitchenware/'&gt;Full version as LIVE DEMO&lt;/a&gt;</description>
    <scriptfile>installer.script.php</scriptfile>
    <files>
		<filename plugin="tmp_helixult">installer.script.php</filename>
    </files>
    <plugins>
        <plugin plugin="helixultimate" group="system" />
    </plugins>
    <template name="lt_kitchenware"/>
</extension>
